GivenName,SurName,UserPrincipalName,DisplayName,Department,Password
Miriam,Chaib,Miriam.Chaib@casca.com,Miriam Chaib,it,Qwerty123
Maren,Landro,Maren.Landro@casca.com,Maren Landro,it,Qwerty123
Vitalik,Bravikov,Vitalik.Bravikov@casca.com,Vitalik Bravikov,it,Boombasticsideeye007
Christina,Giltvedt,Christina.Giltvedt@casca.com,Christina Giltvedt,it,Hvemerdu?123

