Name;GivenName;SurName;SamAccountName;UserPrincipalName;Displayname;
Maren Landro;Maren;Landro;maren.landro;maren.landro@casca.local;Maren Landro
Vitaliy Bravikov;Vitaliy;Bravikov;vitaliy.bravikov;vitaly.bravikov@casca.local;Vitaliy Bravikov
Miriam Chaib;Miriam;Chaib;miriam.chaib;miriam.chaib@casca.local;Miriam Chaib
Christina Giltvedt;Christina;Giltvedt;christina.giltvedt;christina.giltvedt@casca.local;Christina Giltvedt
